{"1": "任命助理", "1-txt" :"让你来担任我的“录武官”？罗德岛的待客之道，真是令人动容，难怪我那几个妹妹会喜欢这里......唔，误会？那，换我做你的副将也无妨。","2" :"交谈1","2-txt" :"“博士”，这个称呼让我想起打过交道的大炎学士，体察万千，见微知著。你我似是故人？那场混沌梦醒后，我确实去过许多地方......知交越多，越是寥落，可能在这点上，我们有些相似吧。","3" :"交谈2","3-txt" :"如你所见，我时常记下来的，只是一些体悟，而非具体的武功招式。武道在“意”，受限于那些花哨的形式便再难突破。好比看不出夕画里的意境，非抓着她讨论笔力技法，免不了要吃闭门羹。","4" :"交谈3","4-txt" :"我答应了给年的电影当“动作指导”，省得她太过闹腾，也省得她寂寞。夕胆小，令贪杯，我也会看着些......我们几个，虽然不比平常人家，但终究也是兄弟姐妹，而非所谓的“我们”。","5" :"晋升后交谈1","5-txt" :"见死难，是征夫武人的日常。见死难仍动心忍性，不泯道义，而不是搪塞一句“世道如此”，才是他们的功课。世道千万年来都如此，只有那些庞大又傲慢的家伙，才会那样冷漠。","6" :"晋升后交谈2","6-txt" :"天地偌大，风物几多，而人的气力和时间都有限，走不完，看不透，护不周全。对习武之人来说，能做的不过是春去秋来，从三九苦练到三伏，方法是笨了些，只在“无愧于心”“尽力而为”。","7" :"信赖提升后交谈1","7-txt" :"那把剑是一样不可随意舍弃的“身外之物”，如今它在槐天裴手里，对各方来说都是能接受的结果。你问那场对决？他苦练四十年，赢了我一拳，而我又练了多少个春秋呢？算起来，输的反倒是我。","8" :"信赖提升后交谈2","8-txt" :"“我是谁”......临水自照，人也好，兽也罢，山峦林烟，天边双月的倒影，看见了什么，答案便是什么。至于人间换尽，我们兄弟姐妹会不会重归混沌，寻找新的答案，那又是另一个问题了。","9" :"信赖提升后交谈3","9-txt" :"身在朝堂的求全求解，身在江湖的为仇为怨，为身份、为输赢，甚至只为了一个“说法”。执念太深，岁月又短，往往一个念想、一件事就贯穿了他们的一生。人哪，可怜可悲，可敬可叹！","10" :"闲置","10-txt" :"......来去春景，怅然秋心。","11" :"干员报到","11-txt" :"博士，有劳你照顾我那几个妹妹，接下来我也会在罗德岛叨扰一段时间。你称呼我“重岳”便好......是位故人取的名字。","12" :"观看作战记录","12-txt" :"原上秋草，已经看不出本来的颜色。","13" :"精英化晋升1","13-txt" :"我常常想起那些将士，从炎国各地来到玉门......百战白头，九死一生，终究不是为了战功。","14" :"精英化晋升2","14-txt" :"博士，袍泽之情，生死之交，无需多言。","15" :"编入队伍","15-txt" :"城头的烽火，总是这样熄了又燃。","16" :"任命队长","16-txt" :"既然如此，博士，待会儿出发的时候，你可愿为我擂鼓？","17" :"行动出发","17-txt" :"日落飞锦绣长河，天地壮我行色。","18" :"行动开始","18-txt" :"征蓬未定，甲胄在身。","19" :"选中干员1","19-txt" :"偶尔也要试试拳脚。","20" :"选中干员2","20-txt" :"但凭差遣。","21" :"部署1","21-txt" :"看看这眼前，风光无限，可惜作了战场。","22" :"部署2","22-txt" :"多少迁客骚人，直到身临沙场，才能写出好句子，包括我那个妹妹......也算是一种际遇。","23" :"作战中1","23-txt" :"形不成形，意不在意，再去练练吧。","24" :"作战中2","24-txt" :"千招百式在一息！","25" :"作战中3","25-txt" :"劲发江潮落，气收秋毫平！","26" :"作战中4","26-txt" :"你们解决问题，还是只会仰仗干戈吗？","27" :"完成高难行动","27-txt" :"从容落子，布局谋胜......博士，想不到你竟然也是个难得的棋手。","28" :"3星结束行动","28-txt" :"征鼓一声千军动，掬罢黄沙浣铁衣......好一场大胜！","29" :"非3星结束行动","29-txt" :"兵戈相向，伐谋利好，从来就没有真正的输赢，更难断真正的功过，无愧于心就好。","30" :"行动失败","30-txt" :"胜败乃兵家常事，振作些。","31" :"进驻设施","31-txt" :"这里比军帐舒适多了，耳边少了将士们操练的动静，会不会有一场好眠呢......","32" :"戳一下","32-txt" :"博士，想到昨天那一招的拆解之法了？","33" :"信赖触摸","33-txt" :"世殊事异，人变了，风物也在变。","34" :"问候","34-txt" :"博士，今天的晨功又没看到你。"}
